{"loss": 0.269502192735672, "accuracy": 0.8988999724388123}