{"loss": 0.2603054940700531, "accuracy": 0.9067000150680542}