{"loss": 0.33113646507263184, "accuracy": 0.8948000073432922}