epoch,loss,accuracy
1,0.6035912036895752,0.7907333374023438
2,0.38595959544181824,0.866516649723053
3,0.33226218819618225,0.8836666941642761
4,0.30279016494750977,0.8928166627883911
5,0.28143441677093506,0.9008333086967468
6,0.26659372448921204,0.9043333530426025
7,0.252470463514328,0.9097499847412109
8,0.24064025282859802,0.9129999876022339
9,0.23033767938613892,0.916616678237915
10,0.22137661278247833,0.9192166924476624
