epoch,loss,accuracy
1,0.5221824645996094,0.8137999773025513
2,0.37043800950050354,0.8677999973297119
3,0.33677321672439575,0.8771499991416931
4,0.31753265857696533,0.8835166692733765
5,0.3044877052307129,0.8858500123023987
6,0.29239320755004883,0.8901166915893555
7,0.2814984917640686,0.8933666944503784
8,0.27020394802093506,0.8975499868392944
9,0.2611386775970459,0.9002166390419006
10,0.262054979801178,0.8988333344459534
