step	accuracy
0	0.7907333374023438
1	0.866516649723053
2	0.8836666941642761
3	0.8928166627883911
4	0.9008333086967468
5	0.9043333530426025
6	0.9097499847412109
7	0.9129999876022339
8	0.916616678237915
9	0.9192166924476624
