step	accuracy
0	0.8137999773025513
1	0.8677999973297119
2	0.8771499991416931
3	0.8835166692733765
4	0.8858500123023987
5	0.8901166915893555
6	0.8933666944503784
7	0.8975499868392944
8	0.9002166390419006
9	0.8988333344459534
